<?xml version='1.0' encoding='UTF-8'?>
<system creation-date="2022-05-30 11:37:10.251000" desc="" enable="False" id="95B79BD8-E221-46AA-B560-3EE2C2005FD9" last-modified-date="" name="IRB14000"><applications><application name="RobotWare" version="6.12.0184"><settings><system-xml path="C:\Users\DELL - ZAMBADA\Documents\RobotStudio\Solutions\SolutionTestProj2\Virtual Controllers\IRB14000\system.xml" /><key-id path="C:\Users\DELL - ZAMBADA\Documents\RobotStudio\Solutions\SolutionTestProj2\Virtual Controllers\IRB14000\INTERNAL\key.id" /><setting-file path="C:\Users\DELL - ZAMBADA\Documents\RobotStudio\Solutions\SolutionTestProj2\Virtual Controllers\IRB14000\INTERNAL\controller.rsf" /></settings></application></applications></system>